source,file,committed,role,url,landing_page,doi,retrieved_on,bytes,sha256,spdx,licence_url,notes
CIQUAL-2025,ciqual-2025/Table Ciqual 2025_ENG_2025_11_03.xlsx,true,upstream,https://zenodo.org/api/records/17550133/files/Table%20Ciqual%202025_ENG_2025_11_03.xlsx/content,https://zenodo.org/records/17550133,10.5281/zenodo.17550133,2026-10-03,1537602,2c3495c8136d17356c50db410918da2102cb28096cb497c9cdf83c5f8ecb10ba,CC-BY-4.0,https://creativecommons.org/licenses/by/4.0/,"Composition values and English names; read by the import. MD5 matches the checksum Zenodo publishes."
CIQUAL-2025,ciqual-2025/alim_2025_11_03.xml,true,upstream,https://zenodo.org/api/records/17550133/files/alim_2025_11_03.xml/content,https://zenodo.org/records/17550133,10.5281/zenodo.17550133,2026-10-03,1581031,e0b1de25b3039028205e9d54a96892e403e1b313c2efeb41180fabe132627478,CC-BY-4.0,https://creativecommons.org/licenses/by/4.0/,French names; read by the import.
CIQUAL-2025,ciqual-2025/alim_grp_2025_11_03.xml,true,upstream,https://zenodo.org/api/records/17550133/files/alim_grp_2025_11_03.xml/content,https://zenodo.org/records/17550133,10.5281/zenodo.17550133,2026-10-03,80421,e216928be1001aed15ba1b120405b70a98145da2a1a76026d6e33542bd5e39dc,CC-BY-4.0,https://creativecommons.org/licenses/by/4.0/,Food group names in French and English; kept for reference.
CIQUAL-2025,ciqual-2025/const_2025_11_03.xml,true,upstream,https://zenodo.org/api/records/17550133/files/const_2025_11_03.xml/content,https://zenodo.org/records/17550133,10.5281/zenodo.17550133,2026-10-03,17955,3a231ea3e9836e4ac0b6ff94511e010210b2523d1b8b486c6b29e211066ba3f3,CC-BY-4.0,https://creativecommons.org/licenses/by/4.0/,Component definitions (INFOODS tags); kept for reference.
CIQUAL-2025,Table Ciqual 2025 doc ENG_2025_11_19.pdf,false,upstream,https://zenodo.org/api/records/17550133/files/Table%20Ciqual%202025%20doc%20ENG_2025_11_19.pdf/content,https://zenodo.org/records/17550133,10.5281/zenodo.17550133,2026-10-02,4197666,dd6325a83dd13177abf156626e1a94ba8623fd04767719072257dbb53cadec6d,CC-BY-4.0,https://creativecommons.org/licenses/by/4.0/,"User guide, not committed (4 MB, image-only PDF). Hash from the FD-033 spike download."
CIQUAL-2025,compo_2025_11_03.xml,false,upstream,https://zenodo.org/api/records/17550133/files/compo_2025_11_03.xml/content,https://zenodo.org/records/17550133,10.5281/zenodo.17550133,,69243149,,CC-BY-4.0,https://creativecommons.org/licenses/by/4.0/,"Same values as the XLSX plus confidence codes; not committed (69 MB). Zenodo MD5 2da725585946434df320d8041631998b."
BLS-4.0,BLS_4_0_2025_DE.zip,false,upstream archive,,https://blsdb.de/download,10.25826/Data20251217-134202-0,2026-10-03,14263306,12b7a6ba62807ec9b301eb276f897dc85f99b2292311618dec3749a12d984c91,CC-BY-4.0,https://creativecommons.org/licenses/by/4.0/,"The zip as downloaded; its three files are committed unmodified below. The download link carries a token the page issues and rotates, so only the page and the DOI are recorded."
BLS-4.0,bls-4.0/BLS_4_0_Daten_2025_DE.xlsx,true,upstream,,https://blsdb.de/download,10.25826/Data20251217-134202-0,2026-10-03,14093078,524bbefe25b691f5cb3de7a9f3e27fa2967aebfeabf217d99414ba7806e78c60,CC-BY-4.0,https://creativecommons.org/licenses/by/4.0/,"Composition values, German and English names; read by the import. Extracted from the zip, unmodified."
BLS-4.0,bls-4.0/BLS_4_0_Components_DE_EN.xlsx,true,upstream,,https://blsdb.de/download,10.25826/Data20251217-134202-0,2026-10-03,21741,359aefcd2086f45e62ff3dbd0c8536306e594a5806ac325d8bf86f484561bdf4,CC-BY-4.0,https://creativecommons.org/licenses/by/4.0/,"Component list (codes, units); kept for reference. Extracted from the zip, unmodified."
BLS-4.0,bls-4.0/BLS_4_0_Dokumentation_DE.pdf,true,upstream,,https://blsdb.de/download,10.25826/Data20251217-134202-0,2026-10-03,469803,6d83913f9b705399f86795a9c3afcb2d0454d1129bfb24ce53da911c5a6a24b6,CC-BY-4.0,https://creativecommons.org/licenses/by/4.0/,"Documentation (German). Extracted from the zip, unmodified."
USDA-SR-LEGACY,SR-Leg_ASC.zip,false,upstream archive,https://www.ars.usda.gov/ARSUserFiles/80400525/Data/SR-Legacy/SR-Leg_ASC.zip,https://fdc.nal.usda.gov/download-datasets,,2026-10-03,5806796,79705f75a7306d0910ad16dd4d66a5caf602dad528b99b77c7a510bfaf3d6e14,CC0-1.0,https://creativecommons.org/publicdomain/zero/1.0/,"SR Legacy (April 2018) in ASCII. FOOD_DES.txt inside it (1188113 bytes, sha256 feb1c1716da71368cadac5223e414638f561ea24fe88d25e313d67f986bf72f8) carries Refuse and Ref_desc per NDB number."
USDA-SR-LEGACY,FoodData_Central_sr_legacy_food_csv_2018-04.zip,false,upstream archive,https://fdc.nal.usda.gov/fdc-datasets/FoodData_Central_sr_legacy_food_csv_2018-04.zip,https://fdc.nal.usda.gov/download-datasets,,2026-10-03,6074592,b80817294b8850530aaedf2e515c02593b1824f763a0ff356e5c2081643e6fd0,CC0-1.0,https://creativecommons.org/publicdomain/zero/1.0/,"FoodData Central's SR Legacy CSV. Only sr_legacy_food.csv (130404 bytes, sha256 ff0fe85a469aa6d6702d68348850fc79dee35e9515324026964f1209a0e3544d) is used: NDB number to fdc_id. FDC's CSV and JSON carry no refuse, which is why FOOD_DES.txt is read."
USDA-SR-LEGACY,usda-sr-legacy/refuse.csv,true,extract,,https://fdc.nal.usda.gov/download-datasets,,2026-10-03,629279,79f44779681470559cbcb80bfd24802259a8c32d48df2bef018c7077a78e11f6,CC0-1.0,https://creativecommons.org/publicdomain/zero/1.0/,"Every SR Legacy food (7793): fdc_id, NDB number, description, refuse % and refuse description, copied from FOOD_DES.txt and sr_legacy_food.csv without changing a value."
FDIET-COMPOSITION-ES,composition-es/links.csv,true,fdiet,,,,,,,CC-BY-4.0,https://creativecommons.org/licenses/by/4.0/,"fdiet's Spanish-name crosswalk. fdiet's own work, versioned by git; no hash kept."
FDIET-COMPOSITION-ES,composition-es/ciqual_no_energy.csv,true,fdiet,,,,,,,CC-BY-4.0,https://creativecommons.org/licenses/by/4.0/,"The CIQUAL foods that publish no number for energy (tracked for FD-037). Derived from the CIQUAL XLSX; checked against it by a test."
