code,source_code,food_category,keywords,food_label,method,method_keywords,yield_pct,samples,page_ref,note
USDA-Y:POLLO-PECHUGA-ASADA,USDA-YIELDS-2014,MEAT,pollo pechuga,"Chicken, broiler-fryer, breast, meat and skin","Baked or Roasted, unspecified",asado;asada;al horno;horneado,72,,Tabla 1: NDB 5060,Datos de 1975 (AH-102). Con piel.
USDA-Y:POLLO-PECHUGA-HERVIDA,USDA-YIELDS-2014,MEAT,pollo pechuga,"Chicken, broiler-fryer, breast, meat and skin","Poached, Simmered or Stewed",hervido;hervida;cocido;cocida;guisado;guisada;estofado;estofada,77,,Tabla 1: NDB 5061,Datos de 1975 (AH-102). Con piel.
USDA-Y:POLLO-MUSLO-ASADO,USDA-YIELDS-2014,MEAT,pollo muslo;pollo contramuslo,"Chicken, broiler-fryer, thigh, meat and skin","Baked or Roasted, unspecified",asado;asada;al horno;horneado,69,,Tabla 1: NDB 5094,Datos de 1975 (AH-102). Con piel.
USDA-Y:POLLO-MUSLO-HERVIDO,USDA-YIELDS-2014,MEAT,pollo muslo;pollo contramuslo,"Chicken, broiler-fryer, thigh, meat and skin","Poached, Simmered or Stewed",hervido;hervida;cocido;cocida,74,,Tabla 1: NDB 5095,Datos de 1975 (AH-102). Con piel.
USDA-Y:POLLO-MUSLO-GUISADO,USDA-YIELDS-2014,MEAT,pollo muslo;pollo contramuslo,"Chicken, broilers or fryers, thigh, meat and skin",Braised,guisado;guisada;estofado;estofada,68,1,Tabla 1: NDB 5677,Con piel.
USDA-Y:POLLO-ALA-ASADA,USDA-YIELDS-2014,MEAT,pollo ala,"Chicken, broilers or fryers, wing, meat and skin",Roasted,asado;asada;al horno;horneado,78,1,Tabla 1: NDB 5103,Con piel.
USDA-Y:POLLO-ENTERO-ASADO,USDA-YIELDS-2014,MEAT,pollo;!higado;!corazon;!fiambre;!grasa;!croqueta;!salchicha;!empanado,"Chicken, broiler-fryer, whole, including skin","Baked or Roasted, specified time",asado;asada;al horno;horneado,78,,Tabla 1: NDB 5004,Datos de 1975 (AH-102). Pollo entero con piel; para una pieza concreta hay filas propias.
USDA-Y:POLLO-ENTERO-HERVIDO,USDA-YIELDS-2014,MEAT,pollo;!higado;!corazon;!fiambre;!grasa;!croqueta;!salchicha;!empanado,"Chicken, broiler-fryer, whole, including skin","Poached, Simmered or Stewed",hervido;hervida;cocido;cocida;guisado;guisada;estofado;estofada,75,,Tabla 1: NDB 5010,Datos de 1975 (AH-102). Pollo entero con piel.
USDA-Y:HIGADO-POLLO-FRITO,USDA-YIELDS-2014,MEAT,higado de pollo,"Chicken, liver, all classes",Pan-fried or Sauteed,frito;frita;salteado;salteada;plancha,62,4,Tabla 1: NDB 5661,
USDA-Y:PAVO-PECHUGA-ASADA,USDA-YIELDS-2014,MEAT,pavo pechuga,"Turkey, retail parts, non-enhanced, breast, meat and skin",Roasted,asado;asada;al horno;horneado,72,1,Tabla 1: NDB 5733,Con piel.
USDA-Y:PAVO-MUSLO-ASADO,USDA-YIELDS-2014,MEAT,pavo muslo,"Turkey, retail parts, non-enhanced, thigh, meat and skin",Roasted,asado;asada;al horno;horneado,83,1,Tabla 1: NDB 5743,Con piel.
USDA-Y:PAVO-ENTERO-ASADO,USDA-YIELDS-2014,MEAT,pavo;!fiambre;!huevo,"Turkey, whole, non-enhanced, meat and skin",Roasted,asado;asada;al horno;horneado,71,1,Tabla 1: NDB 5166,Pavo entero con piel.
USDA-Y:CERDO-LOMO-PLANCHA,USDA-YIELDS-2014,MEAT,cerdo lomo;capa blanca lomo,"Pork, fresh, loin, center loin (chops), boneless, separable lean and fat",Pan broiled,plancha;a la plancha;parrilla;brasa,80,1,Tabla 1: NDB 10189,
USDA-Y:CERDO-LOMO-ASADO,USDA-YIELDS-2014,MEAT,cerdo lomo;capa blanca lomo,"Pork, fresh, loin, center loin (roasts), bone-in, separable lean and fat","Baked or Roasted, unspecified",asado;asada;al horno;horneado,77,12,Tabla 1: NDB 10039,
USDA-Y:CERDO-SOLOMILLO-ASADO,USDA-YIELDS-2014,MEAT,cerdo solomillo,"Pork, fresh, loin, tenderloin, separable lean and fat",Roasted,asado;asada;al horno;horneado,80,1,Tabla 1: NDB 10218,
USDA-Y:CERDO-CHULETA-PLANCHA,USDA-YIELDS-2014,MEAT,cerdo chuleta;capa blanca chuleta,"Pork, fresh, loin, blade (chops), bone-in, separable lean and fat",Broiled or Grilled,plancha;a la plancha;parrilla;brasa,83,12,Tabla 1: NDB 10030,
USDA-Y:CERDO-CHULETA-FRITA,USDA-YIELDS-2014,MEAT,cerdo chuleta;capa blanca chuleta,"Pork, fresh, loin, blade (chops), bone-in, separable lean and fat",Pan-fried,frito;frita;salteado;salteada,82,12,Tabla 1: NDB 10178,
USDA-Y:CERDO-CHULETA-GUISADA,USDA-YIELDS-2014,MEAT,cerdo chuleta;capa blanca chuleta,"Pork, fresh, loin, blade (chops), bone-in, separable lean and fat",Braised,guisado;guisada;estofado;estofada,78,12,Tabla 1: NDB 10029,
USDA-Y:CERDO-COSTILLA-ASADA,USDA-YIELDS-2014,MEAT,cerdo costilla,"Pork, fresh, spareribs, separable lean and fat","Baked or Roasted, unspecified",asado;asada;al horno;horneado,76,12,Tabla 1: NDB 10940,
USDA-Y:VACUNO-PLANCHA,USDA-YIELDS-2014,MEAT,ternera;vaca;buey;!callos;!corazon;!lengua;!higado;!leche;!rinon,"Beef, retail all cuts, all temps",Broiled or Grilled,plancha;a la plancha;parrilla;brasa,78,458,"Tabla 1: fila «Beef, retail all cuts, all temps» (sin NDB)",Media de todos los cortes al por menor.
USDA-Y:VACUNO-ASADO,USDA-YIELDS-2014,MEAT,ternera;vaca;buey;!callos;!corazon;!lengua;!higado;!leche;!rinon,"Beef, retail cuts, boneless, all temps","Baked or Roasted, unspecified",asado;asada;al horno;horneado,79,71,"Tabla 1: fila «Beef, retail cuts, boneless, all temps» (sin NDB)",Media de los cortes sin hueso.
USDA-Y:VACUNO-GUISADO,USDA-YIELDS-2014,MEAT,ternera;vaca;buey;!callos;!corazon;!lengua;!higado;!leche;!rinon,"Beef, retail cuts, all, boneless",Braised,guisado;guisada;estofado;estofada,67,361,"Tabla 1: fila «Beef, retail cuts, all, boneless» (sin NDB)",Media de los cortes sin hueso.
USDA-Y:VACUNO-SOLOMILLO-PLANCHA,USDA-YIELDS-2014,MEAT,ternera solomillo;vaca solomillo;buey solomillo,"Beef, tenderloin, steak, separable lean and fat, trimmed to 1/8"" fat, all grades",Broiled or Grilled,plancha;a la plancha;parrilla;brasa,80,19,Tabla 1: NDB 13918,
USDA-Y:VACUNO-SOLOMILLO-ASADO,USDA-YIELDS-2014,MEAT,ternera solomillo;vaca solomillo;buey solomillo,"Beef, loin, tenderloin roast, boneless, separable lean and fat, trimmed to 0"" fat, all grades",Roasted,asado;asada;al horno;horneado,82,1,Tabla 1: NDB 23345,
USDA-Y:CARNE-PICADA-SARTEN,USDA-YIELDS-2014,MEAT,carne picada,"Beef, ground, medium fat (12%-22%), crumbles",Pan-fried,frito;frita;salteado;salteada;sofrito,67,4,Tabla 1: NDB 23575,Carne picada de vacuno de grasa media.
USDA-Y:CARNE-PICADA-PLANCHA,USDA-YIELDS-2014,MEAT,carne picada,"Beef, ground, medium fat (12%-22%), patty",Broiled or Grilled,plancha;a la plancha;parrilla;brasa,69,4,Tabla 1: NDB 23573,Carne picada de vacuno de grasa media.
USDA-Y:CARNE-PICADA-HORNO,USDA-YIELDS-2014,MEAT,carne picada,"Beef, ground, medium fat (12%-22%), loaf","Baked or Roasted, unspecified",asado;asada;al horno;horneado,70,4,Tabla 1: NDB 23576,Carne picada de vacuno de grasa media.
USDA-Y:CORDERO-ASADO,USDA-YIELDS-2014,MEAT,cordero;!corazon;!lengua;!molleja,"Lamb, retail cuts, roasts, all samples","Baked or Roasted, unspecified",asado;asada;al horno;horneado,74,,"Tabla 1: fila «Lamb, retail cuts, roasts, all samples» (sin NDB)",Datos de 1975 (AH-102).
USDA-Y:CORDERO-GUISADO,USDA-YIELDS-2014,MEAT,cordero;!corazon;!lengua;!molleja,"Lamb, retail cuts, shoulder, shank, breast, flank",Braised,guisado;guisada;estofado;estofada,60,,"Tabla 1: fila «Lamb, retail cuts, shoulder, shank, breast, flank» (sin NDB)",Datos de 1975 (AH-102).
