code,source_code,measure,size,count,composition_source,composition_code,food_category,keywords,food_label,grams_min,grams_max,ml_min,ml_max,state,weight_basis,gross_grams,household_text,page_ref,note
5ALDIA-2019:M-AGUACATE-UNIDAD-MEDIUM,5ALDIA-2019,UNIDAD,MEDIUM,0.5,CIQUAL,13004,FRUIT,,Aguacate,60,60,,,UNSPECIFIED,NET_EDIBLE,120,½ Ud. mediana,"Tabla 4, p. 214",
5ALDIA-2019:M-ALBARICOQUE-UNIDAD-MEDIUM,5ALDIA-2019,UNIDAD,MEDIUM,3,CIQUAL,13000,FRUIT,,Albaricoque,180,180,,,UNSPECIFIED,NET_EDIBLE,190,3 Uds. medianas,"Tabla 4, p. 214",
5ALDIA-2019:M-ARANDANOS-PLATO-SMALL,5ALDIA-2019,PLATO,SMALL,1,CIQUAL,13028,FRUIT,,Arándanos,125,125,,,UNSPECIFIED,NET_EDIBLE,,1 plato pequeño (plato postre),"Tabla 4, p. 214",Plato de postre.
5ALDIA-2019:M-CEREZAS-PLATO-SMALL,5ALDIA-2019,PLATO,SMALL,1,CIQUAL,13008,FRUIT,,Cerezas,120,120,,,UNSPECIFIED,NET_EDIBLE,145,1 plato pequeño (plato postre) o 18 unidades,"Tabla 4, p. 214",Plato de postre.
5ALDIA-2019:M-CEREZAS-UNIDAD,5ALDIA-2019,UNIDAD,,18,CIQUAL,13008,FRUIT,,Cerezas,120,120,,,UNSPECIFIED,NET_EDIBLE,145,1 plato pequeño (plato postre) o 18 unidades,"Tabla 4, p. 214",
5ALDIA-2019:M-CIRUELAS-UNIDAD-SMALL,5ALDIA-2019,UNIDAD,SMALL,2,CIQUAL,13100,FRUIT,,Ciruelas,100,100,,,UNSPECIFIED,NET_EDIBLE,120,2 Uds. pequeñas,"Tabla 4, p. 214",
5ALDIA-2019:M-FRAMBUESA-PLATO-SMALL,5ALDIA-2019,PLATO,SMALL,1,CIQUAL,13015,FRUIT,,Frambuesa,125,125,,,UNSPECIFIED,NET_EDIBLE,,1 plato pequeño (plato postre),"Tabla 4, p. 214",Plato de postre.
5ALDIA-2019:M-GRANADA-UNIDAD-SMALL,5ALDIA-2019,UNIDAD,SMALL,1,CIQUAL,13018,FRUIT,,Granada,120,120,,,UNSPECIFIED,NET_EDIBLE,215,1 Ud. pequeña,"Tabla 4, p. 214",
5ALDIA-2019:M-GROSELLA-PLATO-SMALL,5ALDIA-2019,PLATO,SMALL,1,CIQUAL,13019,FRUIT,,Grosella,125,125,,,UNSPECIFIED,NET_EDIBLE,,1 plato pequeño (plato postre),"Tabla 4, p. 214",Plato de postre.
5ALDIA-2019:M-HIGO-FRESCO-UNIDAD-SMALL,5ALDIA-2019,UNIDAD,SMALL,3,CIQUAL,13012,FRUIT,,Higo fresco,120,120,,,UNSPECIFIED,NET_EDIBLE,160,3 Uds. pequeñas,"Tabla 4, p. 214",
5ALDIA-2019:M-KIWI-UNIDAD-MEDIUM,5ALDIA-2019,UNIDAD,MEDIUM,1,CIQUAL,13021,FRUIT,,Kiwi,80,80,,,UNSPECIFIED,NET_EDIBLE,100,1 Ud. mediana,"Tabla 4, p. 214",
5ALDIA-2019:M-MANDARINA-UNIDAD-SMALL,5ALDIA-2019,UNIDAD,SMALL,2,CIQUAL,13024,FRUIT,,Mandarina,120,120,,,UNSPECIFIED,NET_EDIBLE,170,2 Uds. pequeñas o 1 Ud. grande,"Tabla 4, p. 214",
5ALDIA-2019:M-MANDARINA-UNIDAD-LARGE,5ALDIA-2019,UNIDAD,LARGE,1,CIQUAL,13024,FRUIT,,Mandarina,120,120,,,UNSPECIFIED,NET_EDIBLE,170,2 Uds. pequeñas o 1 Ud. grande,"Tabla 4, p. 214",
5ALDIA-2019:M-MANGO-UNIDAD,5ALDIA-2019,UNIDAD,,0.5,CIQUAL,13025,FRUIT,,Mango,120,120,,,UNSPECIFIED,NET_EDIBLE,190,½ unidad,"Tabla 4, p. 214",
5ALDIA-2019:M-MANZANA-UNIDAD-MEDIUM,5ALDIA-2019,UNIDAD,MEDIUM,1,CIQUAL,13039,FRUIT,,Manzana,160,160,,,UNSPECIFIED,NET_EDIBLE,200,1 Ud. mediana,"Tabla 4, p. 214",
5ALDIA-2019:M-MELOCOTON-UNIDAD-SMALL,5ALDIA-2019,UNIDAD,SMALL,1,CIQUAL,13043,FRUIT,,Melocotón,100,100,,,UNSPECIFIED,NET_EDIBLE,165,1 Ud. pequeña,"Tabla 4, p. 214",
5ALDIA-2019:M-MELOCOTON-SECO-PORCION-SMALL,5ALDIA-2019,PORCION,SMALL,1,CIQUAL,13118,FRUIT,,Melocotón seco,30,30,,,UNSPECIFIED,NET_EDIBLE,,1 porción pequeña,"Tabla 4, p. 214",
5ALDIA-2019:M-MELON-RODAJA-MEDIUM,5ALDIA-2019,RODAJA,MEDIUM,1,CIQUAL,13742,FRUIT,,Melón,250,250,,,UNSPECIFIED,NET_EDIBLE,445,1 rodaja mediana,"Tabla 4, p. 214",
5ALDIA-2019:M-MEMBRILLO-UNIDAD-MEDIUM,5ALDIA-2019,UNIDAD,MEDIUM,1,CIQUAL,13010,FRUIT,,Membrillo,250,250,,,UNSPECIFIED,NET_EDIBLE,385,1 Ud. mediana,"Tabla 4, p. 214",
5ALDIA-2019:M-NARANJA-UNIDAD-MEDIUM,5ALDIA-2019,UNIDAD,MEDIUM,1,CIQUAL,13034,FRUIT,,Naranja,200,200,,,UNSPECIFIED,NET_EDIBLE,290,1 Ud. mediana,"Tabla 4, p. 214",
5ALDIA-2019:M-NECTARINA-UNIDAD-SMALL,5ALDIA-2019,UNIDAD,SMALL,1,CIQUAL,13148,FRUIT,,Nectarina,100,100,,,UNSPECIFIED,NET_EDIBLE,165,1 Ud. pequeña,"Tabla 4, p. 214",
5ALDIA-2019:M-PAPAYA-PELADA-Y-TROCEADA-UNIDAD-LARGE,5ALDIA-2019,UNIDAD,LARGE,0.25,CIQUAL,13035,FRUIT,,Papaya pelada y troceada,200,200,,,UNSPECIFIED,NET_EDIBLE,,¼ fruto grande o ½ fruto mediano,"Tabla 4, p. 214",Un cuarto de fruto grande.
5ALDIA-2019:M-PAPAYA-PELADA-Y-TROCEADA-UNIDAD-MEDIUM,5ALDIA-2019,UNIDAD,MEDIUM,0.5,CIQUAL,13035,FRUIT,,Papaya pelada y troceada,200,200,,,UNSPECIFIED,NET_EDIBLE,,¼ fruto grande o ½ fruto mediano,"Tabla 4, p. 214",Medio fruto mediano.
5ALDIA-2019:M-PERA-UNIDAD-MEDIUM,5ALDIA-2019,UNIDAD,MEDIUM,1,CIQUAL,13037,FRUIT,,Pera,150,150,,,UNSPECIFIED,NET_EDIBLE,170,1 Ud. mediana,"Tabla 4, p. 214",
5ALDIA-2019:M-PINA-EN-SU-JUGO-RODAJA,5ALDIA-2019,RODAJA,,2,CIQUAL,13716,FRUIT,,Piña en su jugo,120,120,,,UNSPECIFIED,NET_EDIBLE,,2 rodajas finas,"Tabla 4, p. 215",Rodajas finas.
5ALDIA-2019:M-PINA-SIN-PIEL-RODAJA-MEDIUM,5ALDIA-2019,RODAJA,MEDIUM,1,CIQUAL,13002,FRUIT,,Piña sin piel,120,120,,,UNSPECIFIED,NET_EDIBLE,,1 rodaja mediana,"Tabla 4, p. 215",
5ALDIA-2019:M-PLATANO-UNIDAD-MEDIUM,5ALDIA-2019,UNIDAD,MEDIUM,1,CIQUAL,13005,FRUIT,,Plátano,80,80,,,UNSPECIFIED,NET_EDIBLE,120,1 Ud. mediana,"Tabla 4, p. 215",
5ALDIA-2019:M-POMELO-UNIDAD-MEDIUM,5ALDIA-2019,UNIDAD,MEDIUM,1,BLS,F604100,FRUIT,,Pomelo,250,250,,,UNSPECIFIED,NET_EDIBLE,380,1 Ud. mediana,"Tabla 4, p. 215",
5ALDIA-2019:M-SANDIA-RODAJA-MEDIUM,5ALDIA-2019,RODAJA,MEDIUM,1,CIQUAL,13036,FRUIT,,Sandía,250,250,,,UNSPECIFIED,NET_EDIBLE,395,1 rodaja mediana,"Tabla 4, p. 215",
5ALDIA-2019:M-UVAS-BLANCAS-UNIDAD-MEDIUM,5ALDIA-2019,UNIDAD,MEDIUM,12,CIQUAL,13044,FRUIT,,Uvas blancas,120,120,,,UNSPECIFIED,NET_EDIBLE,125,1 ramillete pequeño o 12 Uds. medianas,"Tabla 4, p. 215",
5ALDIA-2019:M-UVAS-NEGRAS-UNIDAD-MEDIUM,5ALDIA-2019,UNIDAD,MEDIUM,12,CIQUAL,13045,FRUIT,,Uvas negras,120,120,,,UNSPECIFIED,NET_EDIBLE,125,1 ramillete pequeño o 12 Uds. medianas,"Tabla 4, p. 215",
5ALDIA-2019:M-ZUMO-DE-UVA-VASO-SMALL,5ALDIA-2019,VASO,SMALL,0.5,CIQUAL,2016,BEVERAGE,,Zumo de uva,100,100,,,UNSPECIFIED,NET_EDIBLE,,½ vaso pequeño,"Tabla 4, p. 215",
5ALDIA-2019:M-ACELGA-PLATO-MEDIUM,5ALDIA-2019,PLATO,MEDIUM,1,BLS,G230100,VEGETABLE,,Acelga,150,150,,,RAW,NET_EDIBLE,,1 plato mediano en crudo o 1 plato pequeño en cocido (plato llano),"Tabla 4, p. 214",En crudo (plato llano).
5ALDIA-2019:M-ALCACHOFAS-UNIDAD-MEDIUM,5ALDIA-2019,UNIDAD,MEDIUM,4,CIQUAL,20052,VEGETABLE,,Alcachofas,150,150,,,RAW,NET_EDIBLE,,4 Uds. medianas en crudo o 1 plato pequeño en cocido (plato llano),"Tabla 4, p. 214",
5ALDIA-2019:M-BERENJENA-UNIDAD-MEDIUM,5ALDIA-2019,UNIDAD,MEDIUM,0.5,CIQUAL,20053,VEGETABLE,,Berenjena,150,150,,,RAW,NET_EDIBLE,,½ Ud. mediana en crudo o 1 plato mediano en cocido (plato llano),"Tabla 4, p. 214",
5ALDIA-2019:M-CALABACIN-UNIDAD-SMALL,5ALDIA-2019,UNIDAD,SMALL,0.5,CIQUAL,20020,VEGETABLE,,Calabacín,150,150,,,RAW,NET_EDIBLE,,½ Ud. pequeña en crudo o 1 plato pequeño en cocido,"Tabla 4, p. 214",
5ALDIA-2019:M-CALABAZA-PLATO-SMALL,5ALDIA-2019,PLATO,SMALL,1,CIQUAL,20044,VEGETABLE,,Calabaza,100,100,,,UNSPECIFIED,NET_EDIBLE,,1 plato pequeño en crudo y en cocido (plato llano),"Tabla 4, p. 214",En crudo y en cocido (plato llano).
5ALDIA-2019:M-CARDO-PLATO-SMALL,5ALDIA-2019,PLATO,SMALL,1,CIQUAL,20054,VEGETABLE,,Cardo,150,150,,,UNSPECIFIED,NET_EDIBLE,,1 plato pequeño en crudo y en cocido (plato llano),"Tabla 4, p. 214",En crudo y en cocido (plato llano).
5ALDIA-2019:M-CEBOLLA-UNIDAD-MEDIUM,5ALDIA-2019,UNIDAD,MEDIUM,1,CIQUAL,20034,VEGETABLE,,Cebolla,100,100,,,UNSPECIFIED,NET_EDIBLE,,1 Ud. mediana,"Tabla 4, p. 214",
5ALDIA-2019:M-CHAMPINONES-UNIDAD-MEDIUM,5ALDIA-2019,UNIDAD,MEDIUM,5,CIQUAL,20056,VEGETABLE,,Champiñones,100,100,,,RAW,NET_EDIBLE,,5 Uds. medianas en crudo o 1 plato pequeño en cocido (plato llano),"Tabla 4, p. 214",
5ALDIA-2019:M-COL-REPOLLO-PLATO-SMALL,5ALDIA-2019,PLATO,SMALL,1,CIQUAL,20116,VEGETABLE,,Col repollo,150,150,,,UNSPECIFIED,NET_EDIBLE,,1 plato pequeño en crudo y en cocido,"Tabla 4, p. 214",En crudo y en cocido.
5ALDIA-2019:M-COLES-DE-BRUSELAS-UNIDAD,5ALDIA-2019,UNIDAD,,6,CIQUAL,20058,VEGETABLE,,Coles de Bruselas,150,150,,,RAW,NET_EDIBLE,,6 Uds. en crudo o 1 guarnición en cocido,"Tabla 4, p. 214",
5ALDIA-2019:M-COLIFLOR-CONGELADA-PLATO-SMALL,5ALDIA-2019,PLATO,SMALL,1,CIQUAL,20082,VEGETABLE,,Coliflor congelada,150,150,,,UNSPECIFIED,NET_EDIBLE,,1 plato pequeño en crudo y en cocido (plato llano),"Tabla 4, p. 214",En crudo y en cocido (plato llano).
5ALDIA-2019:M-ENDIBIA-UNIDAD-MEDIUM,5ALDIA-2019,UNIDAD,MEDIUM,1,CIQUAL,20026,VEGETABLE,,Endibia,150,150,,,UNSPECIFIED,NET_EDIBLE,,1 unidad mediana,"Tabla 4, p. 214",
5ALDIA-2019:M-ESCAROLA-PLATO-LARGE,5ALDIA-2019,PLATO,LARGE,1,CIQUAL,20090,VEGETABLE,,Escarola,150,150,,,UNSPECIFIED,NET_EDIBLE,,1 plato grande (plato llano),"Tabla 4, p. 214",Plato llano.
5ALDIA-2019:M-ESPARRAGO-BLANCO-EN-CONSERVA-UNIDAD,5ALDIA-2019,UNIDAD,,6,CIQUAL,20076,VEGETABLE,,Espárrago blanco en conserva,150,150,,,UNSPECIFIED,NET_EDIBLE,,6 Uds. finas o 1 plato mediano (plato llano),"Tabla 4, p. 214",Unidades finas.
5ALDIA-2019:M-ESPARRAGO-BLANCO-EN-CONSERVA-PLATO-MEDIUM,5ALDIA-2019,PLATO,MEDIUM,1,CIQUAL,20076,VEGETABLE,,Espárrago blanco en conserva,150,150,,,UNSPECIFIED,NET_EDIBLE,,6 Uds. finas o 1 plato mediano (plato llano),"Tabla 4, p. 214",Plato llano.
5ALDIA-2019:M-GUISANTE-EN-CONSERVA-PLATO-SMALL,5ALDIA-2019,PLATO,SMALL,1,CIQUAL,20036,VEGETABLE,,Guisante en conserva,50,50,,,UNSPECIFIED,NET_EDIBLE,,1 plato pequeño en crudo y en cocido (plato llano),"Tabla 4, p. 215",En crudo y en cocido (plato llano).
5ALDIA-2019:M-GUISANTE-FRESCO-CONGELADO-PLATO-SMALL,5ALDIA-2019,PLATO,SMALL,1,CIQUAL,20084,VEGETABLE,,Guisante fresco congelado,50,50,,,UNSPECIFIED,NET_EDIBLE,,1 plato pequeño en crudo y en cocido (plato llano),"Tabla 4, p. 215",En crudo y en cocido (plato llano).
5ALDIA-2019:M-JUDIA-VERDE-FRESCA-CONGELADA-PLATO-SMALL,5ALDIA-2019,PLATO,SMALL,1,CIQUAL,20061,VEGETABLE,,Judía verde fresca/congelada,150,150,,,UNSPECIFIED,NET_EDIBLE,,1 plato pequeño en crudo y en cocido (plato llano),"Tabla 4, p. 215",En crudo y en cocido (plato llano).
5ALDIA-2019:M-JUDIA-VERDE-EN-CONSERVA-PLATO-SMALL,5ALDIA-2019,PLATO,SMALL,1,CIQUAL,20062,VEGETABLE,,Judía verde en conserva,150,150,,,UNSPECIFIED,NET_EDIBLE,,1 plato pequeño en cocido (plato llano),"Tabla 4, p. 215",En cocido (plato llano).
5ALDIA-2019:M-LECHUGA-PLATO-LARGE,5ALDIA-2019,PLATO,LARGE,1,CIQUAL,20031,VEGETABLE,,Lechuga,150,150,,,UNSPECIFIED,NET_EDIBLE,,1 plato grande (plato llano),"Tabla 4, p. 215",Plato llano.
5ALDIA-2019:M-NABOS-UNIDAD-MEDIUM,5ALDIA-2019,UNIDAD,MEDIUM,1,CIQUAL,20064,VEGETABLE,,Nabos,100,100,,,UNSPECIFIED,NET_EDIBLE,,1 Ud. mediana,"Tabla 4, p. 215",
5ALDIA-2019:M-PALMITO-EN-CONSERVA-UNIDAD,5ALDIA-2019,UNIDAD,,2,CIQUAL,20018,VEGETABLE,,Palmito en conserva,50,50,,,UNSPECIFIED,NET_EDIBLE,,2 Uds.,"Tabla 4, p. 215",
5ALDIA-2019:M-PEPINO-PLATO-MEDIUM,5ALDIA-2019,PLATO,MEDIUM,1,CIQUAL,20019,VEGETABLE,,Pepino,150,150,,,UNSPECIFIED,NET_EDIBLE,,1 plato mediano (plato llano),"Tabla 4, p. 215",Plato llano.
5ALDIA-2019:M-PIMIENTO-ROJO-UNIDAD-MEDIUM,5ALDIA-2019,UNIDAD,MEDIUM,1,CIQUAL,20087,VEGETABLE,,Pimiento rojo,150,150,,,UNSPECIFIED,NET_EDIBLE,,1 Ud. mediana,"Tabla 4, p. 215",
5ALDIA-2019:M-PUERRO-UNIDAD-LARGE,5ALDIA-2019,UNIDAD,LARGE,1,CIQUAL,20039,VEGETABLE,,Puerro,150,150,,,RAW,NET_EDIBLE,,1 Ud. grande en crudo o 1 plato mediano en cocido (plato llano),"Tabla 4, p. 215",
5ALDIA-2019:M-SOJA-GERMINADA-EN-CONSERVA-CUCHARADA_SOPERA,5ALDIA-2019,CUCHARADA_SOPERA,,10,BLS,H620902,VEGETABLE,,Soja germinada en conserva,150,150,,,UNSPECIFIED,NET_EDIBLE,,10 cucharadas soperas,"Tabla 4, p. 215",
5ALDIA-2019:M-TOMATE-MADURO-CRUDO-UNIDAD-MEDIUM,5ALDIA-2019,UNIDAD,MEDIUM,1,CIQUAL,20385,VEGETABLE,,Tomate maduro crudo,150,150,,,UNSPECIFIED,NET_EDIBLE,,1 Ud. mediana o 1 plato mediano (plato llano),"Tabla 4, p. 215",
5ALDIA-2019:M-TOMATE-MADURO-CRUDO-PLATO-MEDIUM,5ALDIA-2019,PLATO,MEDIUM,1,CIQUAL,20385,VEGETABLE,,Tomate maduro crudo,150,150,,,UNSPECIFIED,NET_EDIBLE,,1 Ud. mediana o 1 plato mediano (plato llano),"Tabla 4, p. 215",Plato llano.
5ALDIA-2019:M-TOMATE-TRITURADO-EN-CONSERVA-CUCHARADA_SOPERA,5ALDIA-2019,CUCHARADA_SOPERA,,10,CIQUAL,20169,VEGETABLE,,Tomate triturado en conserva,150,150,,,UNSPECIFIED,NET_EDIBLE,,10 cucharadas soperas,"Tabla 4, p. 215",
5ALDIA-2019:M-ZANAHORIA-UNIDAD-LARGE,5ALDIA-2019,UNIDAD,LARGE,1,CIQUAL,20009,VEGETABLE,,Zanahoria,100,100,,,RAW,NET_EDIBLE,,1 Ud. grande en crudo o 1 plato pequeño en cocido (plato llano),"Tabla 4, p. 215",
