source_code,name_en,name_fr,energy_published
1010,"Anise spirit, diluted (1+5)","Pastis, prêt à boire (1+ 5)",-
1024,"Apple brandy, Calvados type",Eau de vie type calvados,-
6150,"Beef, knuckle, raw","Boeuf, jarret cru",-
8380,"Egg in aspic, with ham",Oeuf au jambon en gelée,-
9107,"Rice, white, pre-cooked or instant, cooked, no added salt","Riz blanc, précuit, cuit, sans sel ajouté",-
10074,"Winkle, raw","Bigorneau, cru",-
11040,"Capers, pickled in vinegar","Câpres, au vinaigre",-
11055,"Onion, pickled in vinegar",Oignon au vinaigre,-
11057,"Vanilla, pod","Vanille, gousse",-
11085,"Seaweed, agar, dried","Agar (algue), séché",-
11090,"Vinegar, cider",Vinaigre de cidre,-
11092,"Tarragon, fresh","Estragon, frais",-
11095,"Chive, dried","Ciboulette, séchée",-
12059,Brocciu cheese from goat or ewe's whey,"Brocciu ou brucciu corse, fromage à base de lactosérum de brebis et/ou de chèvre non affiné",-
12061,"Feta or Feta-type cheese, 100% from ewe's milk","Fromage type feta, au lait de brebis 100%",-
12067,"Feta-type cheese, 100% from cow's milk, in oil and spices, drained","Fromage type feta, au lait de vache 100%, à l'huile et aux aromates, égoutté",-
12073,"Uncured soft cheese, spreadable, flavoured, olives or fig and nuts (other than garlic and herbs), from cow's milk","Fromage frais ou spécialité fromagère non affinée, olives, figues et noix, etc (autre que ail et fines herbes), à tartiner, non allégée en matière grasse",-
12311,"Camembert cream (processed cheese), from cow's milk",Crème de camembert,-
12342,"Uncured soft cheese, spreadable, reduced fat, from cow's milk, flavoured (ex : garlic and herbs)","Fromage frais ou spécialité fromagère non affinée, ail et fines herbes, à tartiner, allégée en matière grasse",-
12768,"Feta-type cheese from ewe's milk, in oil and spices, drained","Fromage type feta, au lait de brebis 100%, à l'huile et aux aromates, égoutté",-
13055,"Acerola, flesh and skin, pitted, raw","Cerise acérola, chair et peau, sans noyau, crue",-
13061,"Feijoa, flesh without skin, raw","Feijoa, chair sans peau, crue",-
13071,"Black mulberry, raw","Mûre noire (du mûrier), crue",-
13077,"Rambutan, flesh without skin, pitted, raw","Ramboutan ou rambutan, chair sans peau, sans noyau, crue",-
13080,"Tamarind, mature fruit, flesh without skin, with seeds, raw","Tamarin, fruit mûr, chair sans peau, avec pépins, cru",-
13110,"Morello cherry, raw","Griotte, crue",-
13113,"Cranberry, raw","Canneberge ou cranberry, crue",-
13119,"Prune, pitted, cooked","Pruneau, sans noyau, cuit",-
13125,"Lemon zest, raw","Citron, zeste, cru",-
13126,"Elderberry, berries, raw","Sureau, baie, crue",-
13132,"Blueberry, frozen, raw","Myrtille, surgelée, crue",-
13136,"Raspberry, frozen, raw","Framboise, surgelée, crue",-
13150,"Blackberry, frozen, raw","Mûre (de ronce), surgelée, crue",-
13172,"Dairy and cereal-based beverage for baby's dinner, with vegetables, from 4/6 months",Boisson infantile céréales lactées aux légumes pour diner dès 12 mois,-
13179,"Grapefruit, yellow, flesh without skin, without seeds, raw","Pomelo (dit Pamplemousse) jaune, chair sans peau, sans pépins, cru",-
13180,"Grapefruit, red or pink, flesh without skin, without seeds, raw","Pomelo (dit Pamplemousse) rose, chair sans peau, sans pépins, cru",-
13400,"Mammee, flesh and skin, pitted, canned in syrup, solids and liquids, sampled in the island of La Martinique","Abricot pays, chair et peau, sans noyau, au sirop, appertisé, non égoutté, prélevé à la Martinique",-
13401,"Mammee, flesh and skin, pitted, raw, sampled in the island of La Martinique","Abricot pays, chair et peau, sans noyau, cru, prélevé à la Martinique",-
13402,"Pineapple, flesh without skin, raw, sampled in the island of La Martinique","Ananas, chair sans peau, cru , prélevé à la Martinique",-
13403,"Star apple or milk truit, flesh without skin, raw, sampled in the island of La Martinique","Caïmite (ou pomme étoile ou pomme de lait), chair sans peau, cru, prélevé à la Martinique",-
13404,"Acerola, flesh and skin, pitted, raw, sampled in the island of La Martinique","Cerise acérola, chair et peau, sans noyau, crue, prélevée à la Martinique",-
13405,"Shaddock, flesh without skin, without seeds, raw, sampled in the island of La Martinique","Chadèque, chair sans peau, sans pépins, cru, prélevé à la Martinique",-
13406,"Mammee, crisps, sampled in the island of La Martinique","Chips d'abricot pays, prélevé à la Martinique",-
13407,"Guava, flesh without skin, mashed, sampled in the island of La Martinique","Goyave, chair sans peau, purée, prélevée à la Martinique",-
13408,"Star fruit juice, filtered, sampled in the island of La Martinique","Jus de carambole, prélevé à la Martinique, jus filtré",-
13409,"Star fruit juice, not filtered, sampled in the island of La Martinique","Jus de carambole, prélevée à la Martinique, jus non filtré",-
13410,"Punch lemon juice (small grade), pure juice, sampled in the island of La Martinique","Jus de citron punch (variété petit calibre), pur jus, prélevé à la Martinique",-
13411,"Green lemon juice (big grade), pure juice, sampled in the island of La Martinique","Jus de citron vert (variété gros calibre), pur jus, prélevé à la Martinique",-
13412,"Soursop juice, sampled in the island of La Martinique","Jus de corossol, prélevé à la Martinique",-
13413,"Passion fruit juice, pure juice, sampled in the island of La Martinique","Jus de fruit de la passion ou maracudja, prélevé à la Martinique, pur jus",-
13414,"Pomegranate, juice, sampled in the island of La Martinique","Jus de grenade, prélevée à la Martinique",-
13415,"Lime juice, pure juice, sampled in the island of La Martinique","Jus de lime, pur jus, prélevé à la Martinique",-
13419,"Moubin, pure juice, sampled in the island of La Martinique","Jus de moubin, pur jus, prélevé à la Martinique",-
13420,"Grapefruit (local variety), pure juice, sampled in the island of La Martinique","Jus de pamplemousse (variété locale), pur jus, prélevé à la Martinique",-
13425,"Common mandarin, flesh without skin, without seeds, canned in syrup, solids and liquids, sampled in the island of La Martinique","Mandarine commune, chair sans peau, sans pépins, au sirop, appertisée, non égouttée, prélevée à la Martinique",-
13426,"Mango bassignac, flesh without skin, raw, sampled in the island of La Martinique","Mango bassignac, chair sans peau, sans noyau, cru, prélevé à la Martinique",-
13427,"Mango moussache, flesh without skin, pitted, raw, sampled in the island of La Martinique","Mangue moussache, chair sans peau, sans noyau, crue, prélevé à la Martinique",-
13428,"Mangue julie, flesh without skin, pitted, raw, sampled in the island of La Martinique","Mangue julie, chair sans peau, sans noyau, crue, prélevée à la Martinique",-
13429,"Green mango, flesh without skin, pitted, raw, sampled in the island of La Martinique","Mangue verte, chair sans peau, sans noyau, crue, prélevée à la Martinique",-
13430,"Melon, flesh without skin, without seeds, raw, sampled in the island of La Martinique","Melon, chair sans peau, sans pépins, cru, prélevé à la Martinique",-
13431,"Orange (local variety), flesh without skin, without seeds, raw, sampled in the island of La Martinique","Orange (variété locale), chair sans peau, sans pépins, prélevée à la Martinique",-
13432,"Bitter orange, flesh without skin, without seeds, raw, sampled in the island of La Martinique","Orange amère, chair sans peau, sans pépins, crue, prélevée à la Martinique",-
13433,"Watermelon, flesh without skin, without seeds, raw, sampled in the island of La Martinique","Pastèque, chair sans peau, sans pépins, crue, prélevée à la Martinique",-
13434,"Cashew apple,flesh and skin,, raw, sampled in the island of La Martinique","Pomme cajou, chair et peau, crue, prélevée à la Martinique",-
13435,"Sugar apple, flesh without skin, without seeds, raw, sampled in the island of La Martinique","Pomme cannelle, chair sans peau, sans pépins, crue, prélevée à la Martinique",-
13436,"Pomme d'eau or malaca apple, flesh without skin, pitted, raw, sampled in the island of La Martinique","Pomme d'eau ou pomme malaca, chair sans peau, sans noyau, crue, prélevée à la Martinique",-
13437,"Pomme liane, flesh without skin, with seeds, raw, sampled in the island of La Martinique","Pomme liane, chair sans peau, avec pépins, crue, prélevée à la Martinique",-
13438,"Prune de cythère, or pomme cythere or golden apple, mature, flesh and skin, with seeeds, raw, sampled in the island of La Martinique","Prune de cythère, chair et peau, avec pépins, mûre, crue, prélevée à la Martinique",-
13439,"Prune de cythère or pomme cythere or golden apple, green or immature, flesh and skin, with seeeds, raw, sampled in the island of La Martinique","Prune de cythère, chair et peau, avec pépins, verte ou immature, crue, prélevée à la Martinique",-
13440,"Jacques, pulp, flesh without skin, raw, sampled in the island of La Martinique","Fruit du jacquier ou jacque, chair sans peau, cru, prélevé à la Martinique",-
13499,"Jackfruit, flesh without skin, raw","Fruit du jacquier ou jacque, chair sans peau, cru",-
13523,"Desert date, flesh and skin, pitted, raw","Datte du désert, chair et peau, sans noyau, crue",-
13529,"Durian, flesh without skin, pitted, raw","Dourian ou durian, chair sans peau, sans noyau, cru",-
13547,"Persimmon, from bush, fruit, raw","Kaki de brousse, fruit, cru",-
13549,"Kumquat, flesh and skin, without seeds, raw","Kumquat, chair et peau, sans pépin, cru",-
13552,"Longan, flesh without skin, pitted, raw","Longan, chair sans peau, sans noyau, cru",-
13997,"Red berries (raspberries, strawberries, red currants, black currants), raw","Fruits rouges, crus (framboises, fraises, groseilles, cassis)",-
15030,"Radish seeds, sprouted, fresh, raw","Graine germée de radis, fraîche, crue",-
16588,"Spreadable fat <= 41% fat, unsalted, with plant strols","Matière grasse tartinable à teneur en MG &lt;= 41%, doux, aux stérols végétaux",-
17800,Camelina oil,Huile de cameline,-
18102,"Malted cocoa or chocolate powder for beverage, with sugar(s), fortified with vitamins and minerals","Poudre maltée, cacaotée ou au chocolat pour boisson, sucrée, enrichie en vitamines et minéraux",-
19010,"Milk, whole, raw","Lait entier, cru",-
19015,"Baby milk, for premature baby, ready to drink","Lait infantile pour prématurés, prêt à consommer",-
19270,"Buffalo milk, whole","Lait de bufflesse, entier",-
19437,"Cheese, breaded, to grill, prepacked, from goat's milk","Fromage de chèvre pané à dorer, préemballé",-
19585,"Ricotta cheese, from cow's milk",Ricotta,-
20040,"Leek, cooked","Poireau, cuit",-
20106,"Black truffle, raw","Champignon, truffe noire, crue",-
20127,"Purslane, leaf, raw","Pourpier, feuille, cru",-
20159,"Caesar's mushroom or royal agaric, raw","Champignon, oronge vraie, crue",-
20161,"Field mushroom, raw","Champignon, rosé des prés, cru",-
20189,"Tomato, dried","Tomate, séchée",-
20202,"Cloud ear fungus, dried","Champignon noir, séché",-
20256,"Tomato, dried, in oil","Tomate, séchée, à l'huile",-
20343,"Tomato, marmande, raw","Tomate marmande, crue",-
20344,"Tomato, black krim, raw","Tomate noire de Crimée, crue",-
20347,"Drumstick or moringa pods, raw","Moringa, gousse, cru",-
20348,"Drumstick or moringaleaves, raw","Moringa, feuille, cru",-
20800,"Yellow banana, flesh without skin, steamed, sampled in the island of La Martinique","Banane jaune, chair sans peau, cuite à la vapeur, prélevée à la Martinique",-
20801,"Pumpkin (local variety), crisps, sampled in the island of La Martinique","Chips de chair de giraumon (variété locale), prélevé à la Martinique",-
20802,"Pumpkin (phoenix variety), crisps, sampled in the island of La Martinique","Chips de chair de giraumon (variété phoenix), prélevé à la Martinique",-
20803,"Caribbean cabbage, pulp, steamed, sampled in the island of La Martinique","Chou dur ou chou caraïbe ou macabo, pulpe, cuit à la vapeur, prélevé à la Martinique",-
20804,"Chayote, white skin, flesh without skin, pitted, steamed, sampled in the island of La Martinique","Chayote ou christophine ou chouchou à peau blanche, chair sans peau, sans noyau, cuite à la vapeur, prélevée à la Martinique",-
20805,"Chayote, green skin, flesh without skin, pitted, steamed, sampled in the island of La Martinique","Chayote ou christophine ou chouchou à peau verte, chair sans peau, sans noyau, cuite à la vapeur, prélevée à la Martinique",-
20806,"Chayote, white skin, flesh without skin, pitted, canned, solids and liquids, sampled in the island of La Martinique","Chayote ou christophine ou chouchou à peau blanche, chaire sans peau, sans noyau, appertisée, non égouttée, prélevée à la Martinique",-
20807,"Chayote, white skin, flesh and skin, pitted, steamed, frozen, sampled in the island of La Martinique","Chayote ou christophine ou chouchou, chair et peau, sans noyau, cuite à la vapeur, surgelée, prélevée à la Martinique",-
20808,"Cucumber, flesh without skin, with seeds, raw, sampled in the island of La Martinique","Concombre, chair sans peau, avec pépins, cru, prélevé à la Martinique",-
20809,"Cucumber, flesh and skin, raw, sampled in the island of La Martinique","Concombre, chair et peau, cru, prélevé à la Martinique",-
20810,"Watercress, leaf, raw, sampled in the island of La Martinique","Cresson, feuille, cru, prélevé à la Martinique",-
20811,"Dachine, pulp, steamed, sampled in the island of La Martinique","Dachine, pulpe, cuit à la vapeur, prélevé à la Martinique",-
20813,"Breadfruit, flesh without skin, steamed, sampled in the island of La Martinique","Fruit à pain, chair sans peau, cuit à la vapeur, prélevé à la Martinique",-
20814,"Pumpkin (local variety), flesh without skin, steamed, sampled in the island of La Martinique","Giraumon (variété locale), chair sans peau, cuit à la vapeur, prélevé à la Martinique",-
20815,"Pumpkin (local variety),flesh without skin, steamed, frozen, sampled in the island of La Martinique","Giraumon (variété locale), chair sans peau, cuit à la vapeur, surgelé, prélevé à la Martinique",-
20816,"Pumpkin (local variety), flesh without skin, grated, raw, sampled in the island of La Martinique","Giraumon (variété locale), chair sans peau, râpé, cru, prélevé à la Martinique",-
20817,"Pumpkin (phoenix variety), flesh without skin, steamed, sampled in the island of La Martinique","Giraumon (variété phoenix), chair sans peau, cuit à la vapeur, prélevé à la Martinique",-
20818,"Pumpkin (phoenix variety), flesh without skin, grated, raw, sampled in the island of La Martinique","Giraumon (variété phoenix), chair sans peau, râpé, cru, prélevé à la Martinique",-
20819,"Pumpkin (phoenix variety), flesh without skin, frozen, steamed, sampled in the island of La Martinique","Giraumon (variété phoenix), chair sans peau, surgelé, cuit à la vapeur, prélevé à la Martinique",-
20820,"Okra, whole, canned, solids and liquids, sampled in the island of La Martinique","Gombo, entier, appertisé, non égoutté, prélevé à la Martinique",-
20821,"Okra, whole, canned, steamed, sampled in the island of La Martinique","Gombo, entier, cuit à la vapeur, prélevé à la Martinique",-
20822,"Okra, flesh without peduncle, blanched, frozen, sampled in the island of La Martinique","Gombo, sans pédoncule, blanchi, surgelé, prélevé à la Martinique",-
20826,"Jerusalem artichoke, pulp, steamed, sampled in the island of La Martinique","Topinambour, pulpe, cuit à la vapeur, prélevé à la Martinique",-
20827,"Kamanioc, pulp, steamed, sampled in the island of La Martinique","Kamanioc, pulpe, cuit à la vapeur, prélevé à la Martinique",-
20828,"Massissi, flesh, raw, sampled in the island of La Martinique","Massissi, chair, cru, prélevé à la Martinique",-
20829,"Papaya immature, flesh without skin, raw, from Martinique","Papaye verte, chair sans peau, crue, prélevée à la Martinique",-
20830,"Papaya immature, flesh without skin, steamed, sampled in the island of La Martinique","Papaye verte, chair sans peau, cuite à la vapeur, prélevée à la Martinique",-
20831,"Sweet potato, pulp, blanched, frozen, sampled in the island of La Martinique","Patate douce, pulpe, blanchie, surgelée, prélevée à la Martinique",-
20833,"Pigeon pea, whole, steamed, sampled in the island of La Martinique","Pois d'Angole, entier, cuit à la vapeur, prélevé à la Martinique",-
20834,"Ti nain, flesh without skin, steamed, sampled in the island of La Martinique","Ti nain, chair sans peau, cuit à la vapeur, prélevé à la Martinique",-
20835,"Tomato, whole, raw, sampled in the island of La Martinique","Tomate, entière, crue, prélevée à la Martinique",-
20989,"Lithothamnion (Lithothamnion), dried or dehydrated","Maërl ou lithothamne (Lithothamnion), séché ou déshydraté",-
20997,"Chlorella, dried or dehydrated","Chlorelle (chlorella), séchée ou déshydratée",-
21007,"Mutton, leg, roasted/baked","Mouton, gigot rôti/cuit au four",-
23021,"Rum baba, from bakery","Baba au rhum, artisanal",-
25035,"Sauté of lamb with curry, prepacked","Sauté d'agneau au curry, préemballé",-
25400,"Toasted ham and cheese sandwich, w butter, homemade","Croque-monsieur, jambon, fromage et beurre, fait maison",-
25504,"Poultry on skewer, raw","Brochette de volaille, crue",-
25505,"Beef on skewer, raw","Brochette de boeuf, crue",-
30888,"Marmalade or jam, other citrus fruits or mixed citrus fruits",Marmelade ou confiture d'autres agrumes ou mélange d'agrumes (extra ou classique),-
30889,"Marmalade or jam, orange, reduced sugar","Marmelade ou confiture d'orange, allégée en sucres",-
31089,Agave syrup,Sirop d'agave,-
31108,Royal jelly,Gelée royale,-
36311,"Turkey, leg, raw","Dinde, haut de cuisse cru",-
54500,"Breadfruit, raw","Fruit à pain, cru",-
76060,"Mineral sparkling water (Perrier), bottled, lightly mineralized","Eau minérale Perrier, embouteillée, gazeuse, faiblement minéralisée (Vergèse, 30)",traces
76079,"Mineral still water (Appollinaris), bottled, strongly mineralized","Eau minérale Appollinaris, embouteillée, plate, riche en sels minéraux (Allemagne)",traces
