code,population_code,group_code,group_label,food_category,keywords,bedca_food_id,food_label,role,grams_min,grams_max,ml_min,ml_max,units_min,units_max,state,weight_basis,household_text,gross_grams,page_ref,note
AESAN-2022:HORTALIZAS,AESAN-2022:ADULTOS,HORTALIZAS,Hortalizas,VEGETABLE,,,,,150,200,,,,,UNSPECIFIED,UNSPECIFIED,1 plato de ensalada variada; 1 plato de hortaliza cocida; 1 crema de hortalizas,,"Revista del Comité Científico nº 36, p. 52",
AESAN-2022:FRUTAS,AESAN-2022:ADULTOS,FRUTAS,Frutas,FRUIT,,,,,120,200,,,,,UNSPECIFIED,UNSPECIFIED,1 pieza mediana; 1 tazón mediano de cerezas o fresas; 2 rodajas medianas de melón o sandía,,"Revista del Comité Científico nº 36, p. 52",Fruta fresca.
AESAN-2022:PATATAS,AESAN-2022:ADULTOS,PATATAS,Patatas y otros tubérculos,TUBER,,,,,150,200,,,,,UNSPECIFIED,UNSPECIFIED,1 patata grande o 2 pequeñas,,"Revista del Comité Científico nº 36, p. 52",
AESAN-2022:PAN,AESAN-2022:ADULTOS,CEREALES,Cereales: pan,CEREAL,pan;panecillo;tostada;biscote,,,,40,60,,,,,UNSPECIFIED,UNSPECIFIED,3-4 rebanadas o un panecillo,,"Revista del Comité Científico nº 36, p. 52",
AESAN-2022:PASTA-ARROZ,AESAN-2022:ADULTOS,CEREALES,Cereales: pasta o arroz,CEREAL,arroz;pasta;macarron;espagueti;fideo;tallarin;!con leche;!hinchado;!te;!sesamo;!fruta,,,,60,80,,,,,DRY,UNSPECIFIED,1 plato normal,,"Revista del Comité Científico nº 36, p. 52",En seco.
AESAN-2022:LEGUMBRES,AESAN-2022:ADULTOS,LEGUMBRES,Legumbres,LEGUME,,,,,50,60,,,,,DRY,UNSPECIFIED,1 plato normal individual,,"Revista del Comité Científico nº 36, p. 53",En seco.
AESAN-2022:FRUTOS-SECOS,AESAN-2022:ADULTOS,FRUTOS_SECOS,Frutos secos,NUT,,,,,20,30,,,,,UNSPECIFIED,UNSPECIFIED,1 puñado,,"Revista del Comité Científico nº 36, p. 53",
AESAN-2022:PESCADO,AESAN-2022:ADULTOS,PESCADO,Pescado,FISH,,,,,125,150,,,,,UNSPECIFIED,UNSPECIFIED,1 filete individual o varias porciones de marisco,,"Revista del Comité Científico nº 36, p. 53",
AESAN-2022:HUEVOS,AESAN-2022:ADULTOS,HUEVOS,Huevos,EGG,,,,,53,63,,,1,1,UNSPECIFIED,UNSPECIFIED,1 huevo mediano (53-63 g),,"Revista del Comité Científico nº 36, p. 53",
AESAN-2022:LECHE,AESAN-2022:ADULTOS,LACTEOS,Leche,DAIRY,leche;!coco;!almendra;!soja;!avena;!arroz;!condensada;!polvo;!merengada;!fermentada,,,,,,200,250,,,UNSPECIFIED,UNSPECIFIED,1 vaso/taza de leche,,"Revista del Comité Científico nº 36, p. 53",
AESAN-2022:QUESO-FRESCO,AESAN-2022:ADULTOS,LACTEOS,Queso fresco,DAIRY,queso fresco;requeson;cuajada;mato,,,,85,125,,,,,UNSPECIFIED,UNSPECIFIED,,,"Revista del Comité Científico nº 36, p. 53",
AESAN-2022:QUESO-CURADO,AESAN-2022:ADULTOS,LACTEOS,Queso curado,DAIRY,queso,,,,40,60,,,,,UNSPECIFIED,UNSPECIFIED,2-3 lonchas de queso,,"Revista del Comité Científico nº 36, p. 53","Cubre cualquier queso que no sea fresco, requesón, cuajada o mató."
AESAN-2022:YOGUR,AESAN-2022:ADULTOS,LACTEOS,Yogur y otras leches fermentadas,DAIRY,yogur;kefir;leche fermentada,,,,125,125,,,,,UNSPECIFIED,UNSPECIFIED,1 unidad de yogur,,"Revista del Comité Científico nº 36, p. 53",
AESAN-2022:CARNE,AESAN-2022:ADULTOS,CARNE,Carne,MEAT,,,,,100,125,,,,,UNSPECIFIED,UNSPECIFIED,1 filete mediano; 1 cuarto de pollo; 1 cuarto de conejo,,"Revista del Comité Científico nº 36, p. 53",
AESAN-2022:ACEITE-OLIVA,AESAN-2022:ADULTOS,ACEITE_OLIVA,Aceite de oliva,FAT_OIL,aceite de oliva,,,,,,10,10,,,UNSPECIFIED,UNSPECIFIED,1 cucharada sopera,,"Revista del Comité Científico nº 36, p. 53",
